,userid_test
0,sco
1,voodootikigod
2,piclez
3,brianleroux
4,coty
5,clarkbw
6,orlin
7,jacques
8,baron
9,stinie
10,thomd
11,quinn
12,jevon
13,hlb
14,eoin
15,thekvn
16,jhaynie
17,wilsonminer
18,asoltys
19,collin
20,fling
21,peterpunk
22,diclophis
23,jaredhanson
24,rchk
25,mlynch
26,grantmichaels
27,frozzare
28,johnantoni
29,silentrob
30,roy
31,Wijnand
32,arjan
33,archan937
34,bulters
35,michaelkoper
36,sajoku
37,chrisobdam
38,pomazanbohdan
39,evinw
40,jameskyokushin
41,ssleptsov
42,innomarkglobal
43,grdw
44,ayeminag
45,KevinHock
46,Frenchcooc
47,cusspvz
48,VagrantStory
49,Xyphex
50,gabrielpconceicao
51,Hamz-a
52,rodrigooler
53,angusshire
54,dalinhuang99
55,twopack
56,MichalPaszkiewicz
57,dplewis
58,pengliheng
59,Bitonics
60,kaichen
61,dejan
62,huacnlee
63,yong
64,poshboytl
65,winfield
66,tomlion
67,beenhero
68,cashplk
69,ysorigin
70,sishen
71,RobinWu
72,jlisbz
73,pmq20
74,crazycode
75,saberma
76,liangwenke
77,caingougou
78,gaolei
79,lidaobing
80,hozaka
81,yatwql
82,lnsoso
83,kenneth
84,sorrycc
85,doitian
86,tualatrix
87,chunzi
88,xiaods
89,yorzi
90,mehdimays
91,ssleptsov
92,raudelenrique
93,angusshire
94,dalinhuang99
95,lumberjackchef
96,Kakise
97,MafujShikder
98,shmuel7e
99,jm
100,skyfallsin
101,adambair
102,mbleigh
103,brendanlim
104,cselmer
105,brentmc79
106,jonathannelson
107,naffis
108,rayvinly
109,kaichen
110,jondkinney
111,thadd
112,raecoo
113,huacnlee
114,yong
115,janx
116,poshboytl
117,lgn21st
118,beenhero
119,flipsasser
120,peteonrails
121,gisikw
122,sishen
123,ssoper
124,jlisbz
125,saberma
126,rociiu
127,davidpots
128,tomz
129,topfunky
130,atmos
131,jcrosby
132,olleolleolle
133,sco
134,bumi
135,brupm
136,brett
137,luke0x
138,rmoriz
139,lgs
140,xavi
141,chipski
142,adamstac
143,jcfischer
144,lazzarello
145,kaichen
146,bkerley
147,beppu
148,azisaka
149,ivanoats
150,artob
151,lostinpatterns
152,darwin
153,kij
154,hnchuong
155,membogg
156,bcurren
157,watson
158,igrigorik
159,allanfreitas
160,KevinHock
161,rodrigooler
162,angusshire
163,ijagjeet
164,superisaac
165,blanu
166,jserv
167,trietptm
168,mbautin
169,KJlmfe
170,ChunMengLu
171,KevinHock
172,ankitshah009
173,hehead
174,vlordier
175,angusshire
176,SummerCHINA
177,ddjjj
178,dalinhuang99
179,MichalPaszkiewicz
180,tchnorider
181,Lisprez
182,Linux-Player
183,minsle
184,xiaolan98
185,andresurepno
186,s6dyl
187,haobuxia
188,snowwhite-boss
189,glhewett
190,springnet
191,herestomwiththeweather
192,codeodor
193,cmavromoustakos
194,benwbrum
195,mashiox
196,davesag
197,shpytalenko
198,ssdavenport
199,haileypate
200,bishopZ
201,brianckeegan
202,MaxValue
203,shamio
204,exgalaxy
205,KevinHock
206,aachokey
207,atsiarenia
208,angusshire
209,hsinjoulin
210,bobbyahines
211,danielirimia
212,m-ezekiel
213,pennyone00
214,laurenrenaud
215,EricAtMSFT
216,laconc
217,stevemclaugh
218,thezedwards
219,pablete
220,tel
221,anandkunal
222,ask
223,jiahao
224,mmcgrana
225,tmm1
226,mokeefe
227,ttriche
228,gdeglin
229,dehora
230,ryanking
231,mrflip
232,dcreager
233,dlwh
234,jmalonzo
235,dustinwhittle
236,fredrik
237,jonbaer
238,massie
239,EricPKerr
240,fmu
241,aparo
242,so
243,gourneau
244,ret
245,latrokles
246,linkerlin
247,matteobertozzi
248,travisbrady
249,cwsaylor
250,edgar
251,miamiruby
252,maca
253,miamiartexchange
254,maggit
255,willywg
256,jjuarez
257,chillicoder
258,endymion
259,xalakox
260,carlitos
261,christianrojas
262,scifisamurai
263,uokesita
264,guilleiguaran
265,shmangles
266,grunch
267,hugoerg56
268,betacar
269,mattsgarrison
270,iamhabitat
271,albertogg
272,Chelo
273,ajsb85
274,esneider
275,ainame
276,josemontesdeoca
277,javadabadoo
278,ahmetabdi
279,alfredwesterveld
280,morganrallen
281,aral
282,mattorb
283,elango
284,andresdouglas
285,leereilly
286,arfrank
287,jkatzer
288,Skyhoper
289,CubeSpawn
290,adkdev
291,Poincare
292,watcherdm
293,broccolini
294,gavinuhma
295,marothstein
296,jefftrudeau
297,freewil
298,jaybny
299,STUNT101
300,josephhabib
301,Hungsta
302,wemeetagain
303,oggata
304,tigefa4u
305,JSansalone
306,csjaba
307,KevinHock
308,zulhfreelancer
309,shanesveller
310,ivan
311,ryantm
312,teehemkay
313,dejanr
314,bbigras
315,RobLoach
316,godane
317,h4ck3rm1k3
318,joachifm
319,jb55
320,newhoggy
321,stigtsp
322,Juiceman
323,plumenator
324,rohithadassanayake
325,573
326,samueldr
327,aycanirican
328,majorgreys
329,robbassi
330,aviraldg
331,terlar
332,EvanMisshula
333,fabianhjr
334,bachp
335,nckx
336,wolfflow
337,timothyklim
338,Boyquotes
339,daaku
340,benhiller
341,jubishop
342,eston
343,rmatei
344,keito
345,singerdmx
346,taoeffect
347,liveink
348,RaymondCrandall
349,dennispi
350,hj91
351,mbautin
352,BrianGator
353,yuanwencong
354,rajanand
355,selimozergun
356,obfuscat3d
357,memoar
358,Ryanfahiramaulana
359,Zer0Root
360,waibo
361,ChrisMoney
362,vrnithinkumar
363,peterprokop
364,rajeshvv
365,JurandyBitConnect
366,drewmeyers
367,gnashe
368,csjaba
369,abhiyerra
370,brianmario
371,DoktahWorm
372,hmcfletch
373,ericabouaf
374,jpf
375,hellojwilde
376,Siim
377,minglecm
378,gcollazo
379,allangrant
380,kanzure
381,seanahrens
382,adamJLev
383,danstorms
384,naharris212
385,davidkuchar
386,trietptm
387,brajadorable
388,SourceBoy
389,jsonmaur
390,macressler
391,MnkyPwz
392,toxtli
393,Bunlong
394,b3bakyt
395,dumpytown
396,csjaba
397,robbyrob42
398,benjaminmbrown
399,mountain
400,darwin
401,collin
402,ZenCocoon
403,wouterdebres
404,henrygarner
405,shanx
406,andreypopp
407,mathieuravaux
408,stonegao
409,bobpoekert
410,ticean
411,karsthammer
412,kirillsalykin
413,bcambel
414,davidself
415,alexanderdean
416,markkorput
417,pereferrera
418,RaymondCrandall
419,vizanto
420,gijzelaerr
421,nathan-gs
422,domenicosolazzo
423,michielbdejong
424,isakib
425,rickbeerendonk
426,mschmulen
427,andresmasegosa
428,jkakar
429,rbeene
430,pechorin
431,gregdek
432,forresto
433,specious
434,MattMcFarland
435,mrklaw
436,mohitmun
437,kialam
438,csjaba
439,KevinHock
440,cusspvz
441,gabrielpconceicao
442,yikaraman
443,angusshire
444,dalinhuang99
445,MichalPaszkiewicz
446,garrisonreid
447,bitsondatadev
448,dalinnen
449,ypersyntelykos
450,jbelsky
451,y-ke
452,chrisketchel
453,zhanknight
454,dehine
455,seabre
456,biomunky
457,carld
458,catull
459,sidorares
460,deltam
461,karad
462,honnung
463,osteotek
464,evinw
465,janfilips
466,hemantasapkota
467,rcullito
468,yenda
469,fsquillace
470,Bunlong
471,kumavis
472,zhchang
473,nabn
474,rain1024
475,viralpandya
476,bbss
477,KevinHock
478,cusspvz
479,priornix
480,vladanghene
481,akashaku
482,kalamaznik
483,erdos
484,zhenglu0
485,STRd6
486,ronenhamias
487,KevinHock
488,cusspvz
489,kinimodmeyer
490,laxman954
491,angusshire
492,dalinhuang99
493,cchery101
494,Sleepyhead-google
495,sonmio
496,pablogarriga
497,opengineer
498,shimarin
499,fortune
500,singerdmx
501,ahmetabdi
502,KevinHock
503,angusshire
504,justinshenk
505,steffanjensen
506,qingshen0802
507,verejava
508,ijagjeet
509,ky-bot
510,adampatterson
511,ivansf
512,ahmetabdi
513,KevinHock
514,TroyDWhite
515,angusshire
516,JaiiRashad34
517,ahmedalazazy
518,Asmae-salhi
519,msakazo
520,MintThitiratChamnan
521,eugeneware
522,datapimp
523,throughnothing
524,esneko
525,thejeshgn
526,Neustradamus
527,carlos8f
528,rohithadassanayake
529,alexindigo
530,martindale
531,jprichardson
532,miguelmota
533,aprock
534,sidorares
535,0-vortex
536,shovon
537,RichAyotte
538,alexeykudinkin
539,lmatteis
540,raisty
541,mbautin
542,karlsnyder0
543,mattvick
544,ksetrin
545,fijiwebdesign
546,kantmakm
547,vespakoen
548,marko-jankovic
549,grisaitis
550,martinheidegger
551,onsails
552,suenot
553,KevinHock
554,bobomurod
555,amijkko
556,mstraughan86
557,artemii235
558,soldat13
559,KaterinaToy
560,STRd6
561,rjst
562,ahmetabdi
563,vsantosu
564,KevinHock
565,cusspvz
566,dalinhuang99
567,migueljulio
568,tentone
569,ypersyntelykos
570,FranciscoJGuz
571,imbi7py
572,nwoods2019
573,standino
574,mattn
575,fundon
576,mbautin
577,x2c3z4
578,adyliu
579,jiaofeng
580,kroitor
581,onemouth
582,buffer8848
583,krisjin
584,mikegwhit
585,KevinHock
586,cusspvz
587,kiwifig
588,hehead
589,fastcoinproject
590,angusshire
591,johnbey
592,dalinhuang99
593,lezasantaizi
594,drybeans
595,iNDicat0r
596,Lisprez
597,Linux-Player
598,freemanZYQ
599,krodyx
600,opengineer
601,mengcoin
602,Jungjaegu
603,ssleptsov
604,batsuuri
605,KevinHock
606,InduprasadSR
607,johandui
608,erravimishracse
609,NoreplyGao
610,sctv
611,nateirwin
612,tosh
613,fundon
614,bluet
615,lancetw
616,esin
617,uira
618,rasata
619,zmughal
620,kanzure
621,audy
622,gongfuPanada
623,fly51fly
624,keix
625,rmarquis
626,suneil
627,jniamehr
628,rfilipo
629,andy-williams
630,robbinhan
631,batermj
632,WillemJan
633,kjaylee
634,greysun
635,GabiThume
636,t3573393
637,johndpope
638,botsbrain
639,EmpeRoar
640,sudachen
641,romanz
642,jpzk
643,wedtm
644,dgonzalez
645,influx6
646,thiagozs
647,gregzuro
648,dadaphl
649,JaniAnttonen
650,ahmetabdi
651,almartin82
652,hieple7985
653,xaviarias
654,jhonsu01
655,mortdeus
656,ckabuya
657,y0sher
658,jondo89
659,KevinHock
660,lrettig
661,rikonor
662,ales9000
663,dendisuhubdy
664,pkrasam
665,gaocegege
666,yyeexxhhh
667,manjotkhangura
668,r-zig
669,iamgilwell
670,peterp
671,vilmibm
672,singerdmx
673,ssleptsov
674,canvaspixels
675,Voidious
676,mikegwhit
677,KevinHock
678,cusspvz
679,jake100
680,angusshire
681,rob4lderman
682,dalinhuang99
683,algebric
684,vkandola
685,AdiChat
686,ArefMq
687,mstraughan86
688,franklsm1
689,AlexxNica
690,jessuppi
691,ilmalte
692,una-tapa
693,imArafatHussein
694,VinayMavani
695,opengineer
696,MafujShikder
697,iamfredrickokereke
698,curv3ball
699,codingscode
700,pshc
701,mikeyb
702,slpsys
703,yepitschunked
704,j15e
705,davidrobles
706,KokaKiwi
707,cburgdorf
708,erynofwales
709,poguez
710,iorch
711,mogox
712,lcampos
713,dryajov
714,victor-vargas2009
715,NatashaTheRobot
716,andriymosin
717,helloworld-cat
718,pxpgraphics
719,SoyGoodPeople
720,SeanReid
721,haozeng
722,cnd
723,KevinHock
724,215eight
725,jescriba
726,jonathanrico
727,sai43
728,suriyaa
729,angusshire
